[
	{
		"name" : "English",
		"code" : "en",
		"flag" : "🇺🇸"
	},
	{
		"name" : "Chinese",
		"code" : "cn",
		"flag" : "🇨🇳"
	},
	{
		"name" : "Russian",
		"code" : "ru",
		"flag" : "🇷🇺"
	},
	{
		"name" : "Arabic",
		"code" : "ar",
		"flag" : "🇸🇦"
	},
	{
		"name" : "French",
		"code" : "fr",
		"flag" : "🇫🇷"
	},
	{
		"name" : "Spanish",
		"code" : "es",
		"flag" : "🇪🇸"
	},
	{
		"name" : "Japanese",
		"code" : "ja",
		"flag" : "🇯🇵"
	},
	{
		"name" : "Italian",
		"code" : "it",
		"flag" : "🇮🇹"
	},
		{
		"name" : "Taiwan",
		"code" : "tw",
		"flag" : "🇹🇼"
	},	
]
