{"packages/cupertino_icons/assets/CupertinoIcons.ttf":["packages/cupertino_icons/assets/CupertinoIcons.ttf"],"images/activity_left_tag.png":["images/2.0x/activity_left_tag.png","images/3.0x/activity_left_tag.png"],"images/activity_left_tag_angle.png":["images/2.0x/activity_left_tag_angle.png","images/3.0x/activity_left_tag_angle.png"],"images/activity_left_tag_rect.png":["images/2.0x/activity_left_tag_rect.png","images/3.0x/activity_left_tag_rect.png"],"images/video_zone/background_toolbar_top.png":["images/video_zone/2.0x/background_toolbar_top.png","images/video_zone/3.0x/background_toolbar_top.png"],"images/default_placeholder.png":["images/2.0x/default_placeholder.png"],"images/video_zone/default_portrait.png":["images/video_zone/2.0x/default_portrait.png","images/video_zone/3.0x/default_portrait.png"],"images/video_zone/emptylistview_empty.png":["images/video_zone/2.0x/emptylistview_empty.png","images/video_zone/3.0x/emptylistview_empty.png"],"images/forenotice_game_tag.png":["images/2.0x/forenotice_game_tag.png","images/3.0x/forenotice_game_tag.png"],"images/forenotice_game_tag_angle.png":["images/2.0x/forenotice_game_tag_angle.png","images/3.0x/forenotice_game_tag_angle.png"],"images/forenotice_game_tag_rect.png":["images/2.0x/forenotice_game_tag_rect.png","images/3.0x/forenotice_game_tag_rect.png"],"images/header_refresh/header_refresh_pulling_0.png":["images/header_refresh/2.0x/header_refresh_pulling_0.png","images/header_refresh/3.0x/header_refresh_pulling_0.png"],"images/header_refresh/header_refresh_pulling_1.png":["images/header_refresh/2.0x/header_refresh_pulling_1.png","images/header_refresh/3.0x/header_refresh_pulling_1.png"],"images/header_refresh/header_refresh_pulling_10.png":["images/header_refresh/2.0x/header_refresh_pulling_10.png","images/header_refresh/3.0x/header_refresh_pulling_10.png"],"images/header_refresh/header_refresh_pulling_11.png":["images/header_refresh/2.0x/header_refresh_pulling_11.png","images/header_refresh/3.0x/header_refresh_pulling_11.png"],"images/header_refresh/header_refresh_pulling_12.png":["images/header_refresh/2.0x/header_refresh_pulling_12.png","images/header_refresh/3.0x/header_refresh_pulling_12.png"],"images/header_refresh/header_refresh_pulling_13.png":["images/header_refresh/2.0x/header_refresh_pulling_13.png","images/header_refresh/3.0x/header_refresh_pulling_13.png"],"images/header_refresh/header_refresh_pulling_14.png":["images/header_refresh/2.0x/header_refresh_pulling_14.png","images/header_refresh/3.0x/header_refresh_pulling_14.png"],"images/header_refresh/header_refresh_pulling_15.png":["images/header_refresh/2.0x/header_refresh_pulling_15.png","images/header_refresh/3.0x/header_refresh_pulling_15.png"],"images/header_refresh/header_refresh_pulling_16.png":["images/header_refresh/2.0x/header_refresh_pulling_16.png","images/header_refresh/3.0x/header_refresh_pulling_16.png"],"images/header_refresh/header_refresh_pulling_17.png":["images/header_refresh/2.0x/header_refresh_pulling_17.png","images/header_refresh/3.0x/header_refresh_pulling_17.png"],"images/header_refresh/header_refresh_pulling_18.png":["images/header_refresh/2.0x/header_refresh_pulling_18.png","images/header_refresh/3.0x/header_refresh_pulling_18.png"],"images/header_refresh/header_refresh_pulling_19.png":["images/header_refresh/2.0x/header_refresh_pulling_19.png","images/header_refresh/3.0x/header_refresh_pulling_19.png"],"images/header_refresh/header_refresh_pulling_2.png":["images/header_refresh/2.0x/header_refresh_pulling_2.png","images/header_refresh/3.0x/header_refresh_pulling_2.png"],"images/header_refresh/header_refresh_pulling_3.png":["images/header_refresh/2.0x/header_refresh_pulling_3.png","images/header_refresh/3.0x/header_refresh_pulling_3.png"],"images/header_refresh/header_refresh_pulling_4.png":["images/header_refresh/2.0x/header_refresh_pulling_4.png","images/header_refresh/3.0x/header_refresh_pulling_4.png"],"images/header_refresh/header_refresh_pulling_5.png":["images/header_refresh/2.0x/header_refresh_pulling_5.png","images/header_refresh/3.0x/header_refresh_pulling_5.png"],"images/header_refresh/header_refresh_pulling_6.png":["images/header_refresh/2.0x/header_refresh_pulling_6.png","images/header_refresh/3.0x/header_refresh_pulling_6.png"],"images/header_refresh/header_refresh_pulling_7.png":["images/header_refresh/2.0x/header_refresh_pulling_7.png","images/header_refresh/3.0x/header_refresh_pulling_7.png"],"images/header_refresh/header_refresh_pulling_8.png":["images/header_refresh/2.0x/header_refresh_pulling_8.png","images/header_refresh/3.0x/header_refresh_pulling_8.png"],"images/header_refresh/header_refresh_pulling_9.png":["images/header_refresh/2.0x/header_refresh_pulling_9.png","images/header_refresh/3.0x/header_refresh_pulling_9.png"],"images/header_refresh/header_refresh_pulling_back_0.png":["images/header_refresh/2.0x/header_refresh_pulling_back_0.png","images/header_refresh/3.0x/header_refresh_pulling_back_0.png"],"images/header_refresh/header_refresh_pulling_back_1.png":["images/header_refresh/2.0x/header_refresh_pulling_back_1.png","images/header_refresh/3.0x/header_refresh_pulling_back_1.png"],"images/header_refresh/header_refresh_pulling_back_2.png":["images/header_refresh/2.0x/header_refresh_pulling_back_2.png","images/header_refresh/3.0x/header_refresh_pulling_back_2.png"],"images/header_refresh/header_refresh_pulling_rope.png":["images/header_refresh/2.0x/header_refresh_pulling_rope.png","images/header_refresh/3.0x/header_refresh_pulling_rope.png"],"images/header_refresh/header_refresh_pulling_will_0.png":["images/header_refresh/2.0x/header_refresh_pulling_will_0.png","images/header_refresh/3.0x/header_refresh_pulling_will_0.png"],"images/header_refresh/header_refresh_pulling_will_1.png":["images/header_refresh/2.0x/header_refresh_pulling_will_1.png","images/header_refresh/3.0x/header_refresh_pulling_will_1.png"],"images/header_refresh/header_refresh_pulling_will_2.png":["images/header_refresh/2.0x/header_refresh_pulling_will_2.png","images/header_refresh/3.0x/header_refresh_pulling_will_2.png"],"images/header_refresh/header_refresh_pulling_will_3.png":["images/header_refresh/2.0x/header_refresh_pulling_will_3.png","images/header_refresh/3.0x/header_refresh_pulling_will_3.png"],"images/header_refresh/header_refresh_pulling_will_4.png":["images/header_refresh/2.0x/header_refresh_pulling_will_4.png","images/header_refresh/3.0x/header_refresh_pulling_will_4.png"],"images/video_zone/home_video_play.png":["images/video_zone/2.0x/home_video_play.png","images/video_zone/3.0x/home_video_play.png"],"images/video_zone/hotvideo_play_num.png":["images/video_zone/2.0x/hotvideo_play_num.png","images/video_zone/3.0x/hotvideo_play_num.png"],"images/footer_refresh/hy_refresh_footer_loading.png":["images/footer_refresh/2.0x/hy_refresh_footer_loading.png","images/footer_refresh/3.0x/hy_refresh_footer_loading.png"],"images/video_zone/hybottom_background_shadow.png":["images/video_zone/hybottom_background_shadow.png"],"images/video_zone/hyvideo_commentCount_white.png":["images/video_zone/2.0x/hyvideo_commentCount_white.png","images/video_zone/3.0x/hyvideo_commentCount_white.png"],"images/video_zone/hyvideo_hotCount.png":["images/video_zone/2.0x/hyvideo_hotCount.png","images/video_zone/3.0x/hyvideo_hotCount.png"],"images/video_zone/hyvideo_hotTopic.png":["images/video_zone/2.0x/hyvideo_hotTopic.png","images/video_zone/3.0x/hyvideo_hotTopic.png"],"images/video_zone/hyvideo_playCount_white.png":["images/video_zone/2.0x/hyvideo_playCount_white.png","images/video_zone/3.0x/hyvideo_playCount_white.png"],"images/icon_video_topic.png":["images/2.0x/icon_video_topic.png","images/3.0x/icon_video_topic.png"],"images/status_loading_0.png":["images/2.0x/status_loading_0.png","images/3.0x/status_loading_0.png"],"images/status_loading_1.png":["images/2.0x/status_loading_1.png","images/3.0x/status_loading_1.png"],"images/status_loading_2.png":["images/2.0x/status_loading_2.png","images/3.0x/status_loading_2.png"],"images/status_no_data.png":["images/2.0x/status_no_data.png","images/3.0x/status_no_data.png"],"images/status_request_failed.png":["images/2.0x/status_request_failed.png","images/3.0x/status_request_failed.png"],"images/test_images/test_banner1.png":["images/test_images/test_banner1.png"],"images/test_images/test_banner2.png":["images/test_images/test_banner2.png"],"images/test_images/test_banner3.png":["images/test_images/test_banner3.png"],"images/test_images/test_banner4.png":["images/test_images/test_banner4.png"],"images/test_images/test_banner5.png":["images/test_images/test_banner5.png"],"images/test_images/test_video1.png":["images/test_images/test_video1.png"],"images/video_zone/user_moment_like_like.png":["images/video_zone/user_moment_like_like.png"],"images/video_zone/user_moment_like_unlike.png":["images/video_zone/user_moment_like_unlike.png"],"images/video_zone/user_moment_like_unlike_dark.png":["images/video_zone/user_moment_like_unlike_dark.png"],"images/user_moments_comment.png":["images/2.0x/user_moments_comment.png","images/3.0x/user_moments_comment.png"],"images/user_moments_comment_dark.png":["images/2.0x/user_moments_comment_dark.png","images/3.0x/user_moments_comment_dark.png"],"images/video_zone/user_moments_like/user_moments_like.json":["images/video_zone/user_moments_like/user_moments_like.json"],"images/video_zone/user_moments_like/user_moments_like_dark.json":["images/video_zone/user_moments_like/user_moments_like_dark.json"],"images/video_zone/user_moments_play.png":["images/video_zone/2.0x/user_moments_play.png","images/video_zone/3.0x/user_moments_play.png"],"images/video_zone/user_moments_share/user_moments_share.png":["images/video_zone/user_moments_share/2.0x/user_moments_share.png","images/video_zone/user_moments_share/3.0x/user_moments_share.png"],"images/video_zone/user_moments_share/user_moments_share_dark.png":["images/video_zone/user_moments_share/2.0x/user_moments_share_dark.png","images/video_zone/user_moments_share/3.0x/user_moments_share_dark.png"]}