{"v":"5.4.2","fr":30,"ip":0,"op":33,"w":32,"h":32,"nm":"16X16点赞","ddd":0,"assets":[],"layers":[{"ddd":0,"ind":1,"ty":4,"nm":"“彩色16X16”轮廓 2","sr":1,"ks":{"o":{"a":0,"k":100,"ix":11},"r":{"a":1,"k":[{"i":{"x":[0.833],"y":[0.833]},"o":{"x":[0.167],"y":[0.167]},"n":["0p833_0p833_0p167_0p167"],"t":2,"s":[12],"e":[0]},{"t":6}],"ix":10},"p":{"a":1,"k":[{"i":{"x":0.833,"y":0.833},"o":{"x":0.167,"y":0.167},"n":"0p833_0p833_0p167_0p167","t":0,"s":[10.5,19.25,0],"e":[10.5,19.2,0],"to":[0,-0.00833333376795,0],"ti":[0,0.00833333376795,0]},{"t":2}],"ix":2},"a":{"a":0,"k":[2,7,0],"ix":1},"s":{"a":1,"k":[{"i":{"x":[0.833,0.833,0.833],"y":[0.833,0.833,0.833]},"o":{"x":[0.167,0.167,0.167],"y":[0.167,0.167,0.167]},"n":["0p833_0p833_0p167_0p167","0p833_0p833_0p167_0p167","0p833_0p833_0p167_0p167"],"t":2,"s":[100,100,100],"e":[100,100,100]},{"i":{"x":[0.833,0.833,0.833],"y":[0.833,0.833,0.833]},"o":{"x":[0.167,0.167,0.167],"y":[0.167,0.167,0.167]},"n":["0p833_0p833_0p167_0p167","0p833_0p833_0p167_0p167","0p833_0p833_0p167_0p167"],"t":3,"s":[100,100,100],"e":[110,110,100]},{"i":{"x":[0.833,0.833,0.833],"y":[0.833,0.833,0.833]},"o":{"x":[0.167,0.167,0.167],"y":[0.167,0.167,0.167]},"n":["0p833_0p833_0p167_0p167","0p833_0p833_0p167_0p167","0p833_0p833_0p167_0p167"],"t":9,"s":[110,110,100],"e":[90,90,100]},{"i":{"x":[0.833,0.833,0.833],"y":[0.833,0.833,0.833]},"o":{"x":[0.167,0.167,0.167],"y":[0.167,0.167,0.167]},"n":["0p833_0p833_0p167_0p167","0p833_0p833_0p167_0p167","0p833_0p833_0p167_0p167"],"t":15,"s":[90,90,100],"e":[100,100,100]},{"t":21}],"ix":6}},"ao":0,"shapes":[{"ty":"gr","it":[{"ind":0,"ty":"sh","ix":1,"ks":{"a":0,"k":{"i":[[0,0],[0,0],[0,0],[0,0]],"o":[[0,0],[0,0],[0,0],[0,0]],"v":[[-0.75,-5.15],[0.75,-5.15],[0.75,5.15],[-0.75,5.15]],"c":true},"ix":2},"nm":"路径 1","mn":"ADBE Vector Shape - Group","hd":false},{"ty":"fl","c":{"a":0,"k":[0.984313726425,0.509803950787,0.0941176489,1],"ix":4},"o":{"a":0,"k":100,"ix":5},"r":1,"nm":"填充 1","mn":"ADBE Vector Graphic - Fill","hd":false},{"ty":"tr","p":{"a":0,"k":[3.75,9.853],"ix":2},"a":{"a":0,"k":[0,0],"ix":1},"s":{"a":0,"k":[100,109.672],"ix":3},"r":{"a":0,"k":0,"ix":6},"o":{"a":0,"k":100,"ix":7},"sk":{"a":0,"k":0,"ix":4},"sa":{"a":0,"k":0,"ix":5},"nm":"变换"}],"nm":"组 1","np":2,"cix":2,"ix":1,"mn":"ADBE Vector Group","hd":false},{"ty":"gr","it":[{"ind":0,"ty":"sh","ix":1,"ks":{"a":0,"k":{"i":[[0,1.105],[0,0],[-1.105,0],[0,0],[0,0],[-1.049,0],[-0.472,-0.546],[0.102,-0.714],[0,0],[0,0],[0,-1.206],[0,0],[0,0],[1.177,0],[0,0]],"o":[[0,0],[0,-1.105],[0,0],[0,0],[0.352,-0.988],[0.722,0],[0.472,0.546],[0,0],[0,0],[1.206,0],[0,0],[0,0],[-0.044,1.164],[0,0],[-1.105,0]],"v":[[-7.996,6],[-7.996,-1.519],[-5.996,-3.519],[-4.435,-3.519],[-3.208,-6.349],[-0.864,-8],[1.015,-7.141],[1.599,-5.158],[1.276,-3.519],[5.811,-3.519],[7.996,-1.333],[7.979,-1.175],[6.54,5.902],[4.357,8],[-5.996,8]],"c":true},"ix":2},"nm":"路径 1","mn":"ADBE Vector Shape - Group","hd":false},{"ty":"st","c":{"a":0,"k":[0.984313726425,0.509803950787,0.0941176489,1],"ix":3},"o":{"a":0,"k":100,"ix":4},"w":{"a":0,"k":1.5,"ix":5},"lc":1,"lj":2,"nm":"描边 1","mn":"ADBE Vector Graphic - Stroke","hd":false},{"ty":"tr","p":{"a":0,"k":[7.996,8],"ix":2},"a":{"a":0,"k":[0,0],"ix":1},"s":{"a":0,"k":[100,100],"ix":3},"r":{"a":0,"k":0,"ix":6},"o":{"a":0,"k":100,"ix":7},"sk":{"a":0,"k":0,"ix":4},"sa":{"a":0,"k":0,"ix":5},"nm":"变换"}],"nm":"组 2","np":2,"cix":2,"ix":2,"mn":"ADBE Vector Group","hd":false},{"ty":"gr","it":[{"ind":0,"ty":"sh","ix":1,"ks":{"a":0,"k":{"i":[[0,1.105],[0,0],[-1.105,0],[0,0],[0,0],[-1.049,0],[-0.472,-0.546],[0.102,-0.714],[0,0],[0,0],[0,-1.206],[0,0],[0,0],[1.177,0],[0,0]],"o":[[0,0],[0,-1.105],[0,0],[0,0],[0.352,-0.988],[0.722,0],[0.472,0.546],[0,0],[0,0],[1.206,0],[0,0],[0,0],[-0.044,1.164],[0,0],[-1.105,0]],"v":[[-7.996,6],[-7.996,-1.519],[-5.996,-3.519],[-4.435,-3.519],[-3.208,-6.349],[-0.864,-8],[1.015,-7.141],[1.599,-5.158],[1.276,-3.519],[5.811,-3.519],[7.996,-1.333],[7.979,-1.175],[6.54,5.902],[4.357,8],[-5.996,8]],"c":true},"ix":2},"nm":"路径 1","mn":"ADBE Vector Shape - Group","hd":false},{"ind":1,"ty":"sh","ix":2,"ks":{"a":0,"k":{"i":[[0,1.105],[0,0],[-1.105,0],[0,0],[0,0],[-1.049,0],[-0.472,-0.546],[0.102,-0.714],[0,0],[0,0],[0,-1.206],[0,0],[0,0],[1.177,0],[0,0]],"o":[[0,0],[0,-1.105],[0,0],[0,0],[0.352,-0.988],[0.722,0],[0.472,0.546],[0,0],[0,0],[1.206,0],[0,0],[0,0],[-0.044,1.164],[0,0],[-1.105,0]],"v":[[-7.996,6],[-7.996,-1.519],[-5.996,-3.519],[-4.435,-3.519],[-3.208,-6.349],[-0.864,-8],[1.015,-7.141],[1.599,-5.158],[1.276,-3.519],[5.811,-3.519],[7.996,-1.333],[7.979,-1.175],[6.54,5.902],[4.357,8],[-5.996,8]],"c":true},"ix":2},"nm":"路径 2","mn":"ADBE Vector Shape - Group","hd":false},{"ty":"mm","mm":4,"nm":"合并路径 1","mn":"ADBE Vector Filter - Merge","hd":false},{"ty":"fl","c":{"a":0,"k":[1,0.839215695858,0.20000000298,1],"ix":4},"o":{"a":0,"k":100,"ix":5},"r":1,"nm":"填充 1","mn":"ADBE Vector Graphic - Fill","hd":false},{"ty":"tr","p":{"a":0,"k":[7.996,8],"ix":2},"a":{"a":0,"k":[0,0],"ix":1},"s":{"a":0,"k":[100,100],"ix":3},"r":{"a":0,"k":0,"ix":6},"o":{"a":0,"k":100,"ix":7},"sk":{"a":0,"k":0,"ix":4},"sa":{"a":0,"k":0,"ix":5},"nm":"变换"}],"nm":"组 3","np":4,"cix":2,"ix":3,"mn":"ADBE Vector Group","hd":false}],"ip":2,"op":33.3333333333333,"st":-10,"bm":0},{"ddd":0,"ind":2,"ty":4,"nm":"形状图层 2","sr":1,"ks":{"o":{"a":0,"k":100,"ix":11},"r":{"a":0,"k":90,"ix":10},"p":{"a":0,"k":[15.562,14.312,0],"ix":2},"a":{"a":0,"k":[0,0,0],"ix":1},"s":{"a":0,"k":[100,100,100],"ix":6}},"ao":0,"shapes":[{"ty":"gr","it":[{"ty":"rc","d":1,"s":{"a":1,"k":[{"i":{"x":[0.833,0.833],"y":[0.833,0.833]},"o":{"x":[0.167,0.167],"y":[0.167,0.167]},"n":["0p833_0p833_0p167_0p167","0p833_0p833_0p167_0p167"],"t":3,"s":[1.5,7],"e":[1.5,7]},{"i":{"x":[0.833,0.833],"y":[0.833,0.833]},"o":{"x":[0.167,0.167],"y":[0.167,0.167]},"n":["0p833_0p833_0p167_0p167","0p833_0p833_0p167_0p167"],"t":12,"s":[1.5,7],"e":[1.5,0]},{"t":16.9998914930556}],"ix":2},"p":{"a":1,"k":[{"i":{"x":0.833,"y":0.833},"o":{"x":0.167,"y":0.167},"n":"0p833_0p833_0p167_0p167","t":3,"s":[0,0],"e":[0,10],"to":[0,1.66666662693024],"ti":[0,-1.66666662693024]},{"t":11.9998914930556}],"ix":3},"r":{"a":0,"k":85,"ix":4},"nm":"矩形路径 1","mn":"ADBE Vector Shape - Rect","hd":false},{"ty":"fl","c":{"a":0,"k":[0.98431372549,0.509803921569,0.094117647059,1],"ix":4},"o":{"a":0,"k":100,"ix":5},"r":1,"nm":"填充 1","mn":"ADBE Vector Graphic - Fill","hd":false},{"ty":"rp","c":{"a":0,"k":5,"ix":1},"o":{"a":0,"k":10,"ix":2},"m":1,"ix":4,"tr":{"ty":"tr","p":{"a":0,"k":[0,0],"ix":2},"a":{"a":0,"k":[0,0],"ix":1},"s":{"a":0,"k":[100,100],"ix":3},"r":{"a":0,"k":45,"ix":4},"so":{"a":0,"k":100,"ix":5},"eo":{"a":0,"k":100,"ix":6},"nm":"变换"},"nm":"中继器 1","mn":"ADBE Vector Filter - Repeater","hd":false},{"ty":"tr","p":{"a":0,"k":[0,0],"ix":2},"a":{"a":0,"k":[0,0],"ix":1},"s":{"a":0,"k":[100,100],"ix":3},"r":{"a":0,"k":0,"ix":6},"o":{"a":0,"k":100,"ix":7},"sk":{"a":0,"k":0,"ix":4},"sa":{"a":0,"k":0,"ix":5},"nm":"变换"}],"nm":"矩形 1","np":4,"cix":2,"ix":1,"mn":"ADBE Vector Group","hd":false}],"ip":2,"op":17,"st":-26.4444444444444,"bm":0},{"ddd":0,"ind":3,"ty":4,"nm":"“灰色16X16”轮廓 2","sr":1,"ks":{"o":{"a":0,"k":100,"ix":11},"r":{"a":1,"k":[{"i":{"x":[0.833],"y":[0.833]},"o":{"x":[0.167],"y":[0.167]},"n":["0p833_0p833_0p167_0p167"],"t":0,"s":[0],"e":[12]},{"t":2}],"ix":10},"p":{"a":0,"k":[10.5,19.25,0],"ix":2},"a":{"a":0,"k":[2,7,0],"ix":1},"s":{"a":0,"k":[100,100,100],"ix":6}},"ao":0,"shapes":[{"ty":"gr","it":[{"ind":0,"ty":"sh","ix":1,"ks":{"a":0,"k":{"i":[[0,0],[0,0],[0,0],[0,0]],"o":[[0,0],[0,0],[0,0],[0,0]],"v":[[-0.75,-5.36],[0.75,-5.36],[0.75,5.15],[-0.75,5.15]],"c":true},"ix":2},"nm":"路径 1","mn":"ADBE Vector Shape - Group","hd":false},{"ty":"fl","c":{"a":0,"k":[0.4,0.4,0.4,1],"ix":4},"o":{"a":0,"k":100,"ix":5},"r":1,"nm":"填充 1","mn":"ADBE Vector Graphic - Fill","hd":false},{"ty":"tr","p":{"a":0,"k":[3.754,10.15],"ix":2},"a":{"a":0,"k":[0,0],"ix":1},"s":{"a":0,"k":[100,114.739],"ix":3},"r":{"a":0,"k":0,"ix":6},"o":{"a":0,"k":100,"ix":7},"sk":{"a":0,"k":0,"ix":4},"sa":{"a":0,"k":0,"ix":5},"nm":"变换"}],"nm":"组 1","np":2,"cix":2,"ix":1,"mn":"ADBE Vector Group","hd":false},{"ty":"gr","it":[{"ind":0,"ty":"sh","ix":1,"ks":{"a":0,"k":{"i":[[0,1.105],[0,0],[-1.105,0],[0,0],[0,0],[-1.049,0],[-0.472,-0.546],[0.102,-0.714],[0,0],[0,0],[0,-1.206],[0,0],[0,0],[1.177,0],[0,0]],"o":[[0,0],[0,-1.105],[0,0],[0,0],[0.352,-0.988],[0.722,0],[0.472,0.546],[0,0],[0,0],[1.206,0],[0,0],[0,0],[-0.044,1.164],[0,0],[-1.105,0]],"v":[[-7.996,6],[-7.996,-1.519],[-5.996,-3.519],[-4.435,-3.519],[-3.208,-6.349],[-0.864,-8],[1.015,-7.141],[1.599,-5.158],[1.276,-3.519],[5.811,-3.519],[7.996,-1.333],[7.979,-1.175],[6.54,5.902],[4.357,8],[-5.996,8]],"c":true},"ix":2},"nm":"路径 1","mn":"ADBE Vector Shape - Group","hd":false},{"ty":"st","c":{"a":0,"k":[0.4,0.4,0.4,1],"ix":3},"o":{"a":0,"k":100,"ix":4},"w":{"a":0,"k":1.5,"ix":5},"lc":1,"lj":2,"nm":"描边 1","mn":"ADBE Vector Graphic - Stroke","hd":false},{"ty":"tr","p":{"a":0,"k":[7.996,8],"ix":2},"a":{"a":0,"k":[0,0],"ix":1},"s":{"a":0,"k":[100,100],"ix":3},"r":{"a":0,"k":0,"ix":6},"o":{"a":0,"k":100,"ix":7},"sk":{"a":0,"k":0,"ix":4},"sa":{"a":0,"k":0,"ix":5},"nm":"变换"}],"nm":"组 2","np":2,"cix":2,"ix":2,"mn":"ADBE Vector Group","hd":false}],"ip":0,"op":2,"st":-20,"bm":0}],"markers":[]}
